Unnamed: 0,Instrument,CF_DATE,EXPIR_DATE,PUTCALLIND,STRIKE_PRC,CF_CLOSE_x,IMP_VOLT,T,CF_CLOSE_y
371,/GDAX175000F0.EX,2019-05-14,2020-06-19,CALL,17500.0,0.1,47.07,1.1006160164271048,11991.62
374,/GDAX180000R0.EX,2019-07-18,2020-06-19,PUT ,18000.0,7689.0,65.37,0.922655715263518,12227.85
332,/GDAX142500R0.EX,2019-11-20,2020-06-19,PUT ,14250.0,3936.3,37.81,0.5804243668720055,13158.14
358,/GDAX149000R0.EX,2020-01-15,2020-06-19,PUT ,14900.0,4586.7,42.77,0.4271047227926078,13432.3
348,/GDAX146500R0.EX,2020-01-20,2020-06-19,PUT ,14650.0,4336.5,40.93,0.4134154688569473,13548.94
367,/GDAX165000F0.EX,2020-02-12,2020-06-19,CALL,16500.0,0.1,42.11,0.3504449007529089,13749.78
308,/GDAX136500R0.EX,2020-02-13,2020-06-19,PUT ,13650.0,3336.0,33.34,0.3477070499657768,13745.43
338,/GDAX144000R0.EX,2020-02-14,2020-06-19,PUT ,14400.0,4086.4,39.05,0.3449691991786447,13744.21
342,/GDAX145000R0.EX,2020-02-21,2020-06-19,PUT ,14500.0,4186.4,39.72,0.3258042436687201,13579.33
13,/GDAX44000F0.EX,2020-02-26,2020-06-19,CALL,4400.0,5922.7,107.54,0.3121149897330595,12774.88
373,/GDAX180000F0.EX,2020-02-27,2020-06-19,CALL,18000.0,0.1,49.42,0.3093771389459274,12367.46
366,/GDAX160000R0.EX,2020-02-28,2020-06-19,PUT ,16000.0,5687.5,51.09,0.3066392881587953,11890.35
377,/GDAX190000F0.EX,2020-02-28,2020-06-19,CALL,19000.0,0.1,53.91,0.3066392881587953,11890.35
375,/GDAX185000F0.EX,2020-02-28,2020-06-19,CALL,18500.0,0.1,51.7,0.3066392881587953,11890.35
369,/GDAX170000F0.EX,2020-03-02,2020-06-19,CALL,17000.0,0.1,44.63,0.298425735797399,11857.87
326,/GDAX141000R0.EX,2020-03-04,2020-06-19,PUT ,14100.0,3786.2,36.56,0.2929500342231348,12127.69
334,/GDAX143000R0.EX,2020-03-05,2020-06-19,PUT ,14300.0,3986.3,38.15,0.2902121834360027,11944.72
319,/GDAX139500F0.EX,2020-03-06,2020-06-19,CALL,13950.0,0.4,31.38,0.2874743326488706,11541.87
316,/GDAX138500R0.EX,2020-03-09,2020-06-19,PUT ,13850.0,3536.1,34.8,0.2792607802874743,10625.02
320,/GDAX139500R0.EX,2020-03-09,2020-06-19,PUT ,13950.0,3636.1,35.52,0.2792607802874743,10625.02
5,/GDAX40000F0.EX,2020-03-09,2020-06-19,CALL,4000.0,6322.5,118.17,0.2792607802874743,10625.02
252,/GDAX122500R0.EX,2020-03-11,2020-06-19,PUT ,12250.0,1938.1,24.4,0.2737850787132101,10438.68
260,/GDAX124500R0.EX,2020-03-11,2020-06-19,PUT ,12450.0,2137.0,25.37,0.2737850787132101,10438.68
295,/GDAX133500F0.EX,2020-03-12,2020-06-19,CALL,13350.0,0.7,28.88,0.271047227926078,9161.13
248,/GDAX121500R0.EX,2020-03-12,2020-06-19,PUT ,12150.0,1839.0,24.0,0.271047227926078,9161.13
343,/GDAX145500F0.EX,2020-03-12,2020-06-19,CALL,14550.0,0.2,34.0,0.271047227926078,9161.13
346,/GDAX146000R0.EX,2020-03-12,2020-06-19,PUT ,14600.0,4286.5,40.6,0.271047227926078,9161.13
323,/GDAX140500F0.EX,2020-03-13,2020-06-19,CALL,14050.0,0.3,32.08,0.2683093771389459,9232.08
339,/GDAX144500F0.EX,2020-03-13,2020-06-19,CALL,14450.0,0.3,33.36,0.2683093771389459,9232.08
65,/GDAX76000F0.EX,2020-03-16,2020-06-19,CALL,7600.0,2755.2,59.48,0.2600958247775496,8742.25
15,/GDAX45000F0.EX,2020-03-16,2020-06-19,CALL,4500.0,5822.8,105.36,0.2600958247775496,8742.25
3,/GDAX36000F0.EX,2020-03-17,2020-06-19,CALL,3600.0,6722.5,130.77,0.2573579739904175,8939.1
351,/GDAX147500F0.EX,2020-03-17,2020-06-19,CALL,14750.0,0.2,35.27,0.2573579739904175,8939.1
327,/GDAX141500F0.EX,2020-03-17,2020-06-19,CALL,14150.0,0.3,32.15,0.2573579739904175,8939.1
310,/GDAX137000R0.EX,2020-03-18,2020-06-19,PUT ,13700.0,3386.1,33.71,0.2546201232032854,8441.71
41,/GDAX64000F0.EX,2020-03-18,2020-06-19,CALL,6400.0,3931.1,72.32,0.2546201232032854,8441.71
93,/GDAX83000F0.EX,2020-03-19,2020-06-19,CALL,8300.0,2086.8,52.32,0.2518822724161533,8610.43
59,/GDAX74000F0.EX,2020-03-19,2020-06-19,CALL,7400.0,2949.1,61.53,0.2518822724161533,8610.43
29,/GDAX56000F0.EX,2020-03-19,2020-06-19,CALL,5600.0,4725.4,83.6,0.2518822724161533,8610.43
272,/GDAX127500R0.EX,2020-03-19,2020-06-19,PUT ,12750.0,2436.3,27.19,0.2518822724161533,8610.43
365,/GDAX160000F0.EX,2020-03-20,2020-06-19,CALL,16000.0,0.1,39.5,0.2491444216290212,8928.95
115,/GDAX88500F0.EX,2020-03-23,2020-06-19,CALL,8850.0,1582.0,46.87,0.2409308692676249,8741.15
311,/GDAX137500F0.EX,2020-03-24,2020-06-19,CALL,13750.0,0.5,30.45,0.2381930184804928,9700.57
306,/GDAX136000R0.EX,2020-03-24,2020-06-19,PUT ,13600.0,3286.0,32.97,0.2381930184804928,9700.57
131,/GDAX92500F0.EX,2020-03-24,2020-06-19,CALL,9250.0,1231.7,43.07,0.2381930184804928,9700.57
113,/GDAX88000F0.EX,2020-03-24,2020-06-19,CALL,8800.0,1626.9,47.35,0.2381930184804928,9700.57
355,/GDAX148500F0.EX,2020-03-24,2020-06-19,CALL,14850.0,0.2,34.79,0.2381930184804928,9700.57
359,/GDAX149500F0.EX,2020-03-27,2020-06-19,CALL,14950.0,0.2,35.4,0.2299794661190965,9632.52
95,/GDAX83500F0.EX,2020-03-27,2020-06-19,CALL,8350.0,2040.0,51.81,0.2299794661190965,9632.52
105,/GDAX86000F0.EX,2020-03-30,2020-06-19,CALL,8600.0,1808.6,49.29,0.2217659137577002,9815.97
312,/GDAX137500R0.EX,2020-04-01,2020-06-19,PUT ,13750.0,3436.1,34.08,0.216290212183436,9544.75
147,/GDAX96500F0.EX,2020-04-02,2020-06-19,CALL,9650.0,903.3,39.27,0.2135523613963039,9570.82
353,/GDAX148000F0.EX,2020-04-02,2020-06-19,CALL,14800.0,0.2,34.49,0.2135523613963039,9570.82
163,/GDAX100500F0.EX,2020-04-03,2020-06-19,CALL,10050.0,607.2,35.45,0.2108145106091718,9525.77
250,/GDAX122000R0.EX,2020-04-06,2020-06-19,PUT ,12200.0,1888.5,24.19,0.2026009582477755,10075.17
119,/GDAX89500F0.EX,2020-04-06,2020-06-19,CALL,8950.0,1492.9,45.91,0.2026009582477755,10075.17
14,/GDAX44000R0.EX,2020-04-07,2020-06-19,PUT ,4400.0,1.2,92.7,0.1998631074606434,10356.7
27,/GDAX55000F0.EX,2020-04-08,2020-06-19,CALL,5500.0,4825.0,85.14,0.1971252566735113,10332.89
49,/GDAX68000F0.EX,2020-04-08,2020-06-19,CALL,6800.0,3536.3,67.59,0.1971252566735113,10332.89
314,/GDAX138000R0.EX,2020-04-09,2020-06-19,PUT ,13800.0,3486.1,34.44,0.1943874058863792,10564.74
143,/GDAX95500F0.EX,2020-04-14,2020-06-19,CALL,9550.0,982.9,40.22,0.1806981519507187,10696.56
73,/GDAX78000F0.EX,2020-04-14,2020-06-19,CALL,7800.0,2562.2,57.39,0.1806981519507187,10696.56
303,/GDAX135500F0.EX,2020-04-15,2020-06-19,CALL,13550.0,0.6,29.78,0.1779603011635865,10279.76
135,/GDAX93500F0.EX,2020-04-15,2020-06-19,CALL,9350.0,1147.1,42.14,0.1779603011635865,10279.76
349,/GDAX147000F0.EX,2020-04-16,2020-06-19,CALL,14700.0,0.2,34.96,0.1752224503764544,10301.54
256,/GDAX123500R0.EX,2020-04-16,2020-06-19,PUT ,12350.0,2037.4,24.86,0.1752224503764544,10301.54
345,/GDAX146000F0.EX,2020-04-16,2020-06-19,CALL,14600.0,0.2,34.32,0.1752224503764544,10301.54
363,/GDAX155000F0.EX,2020-04-17,2020-06-19,CALL,15500.0,0.2,38.64,0.1724845995893223,10625.78
300,/GDAX134500R0.EX,2020-04-17,2020-06-19,PUT ,13450.0,3136.0,31.84,0.1724845995893223,10625.78
123,/GDAX90500F0.EX,2020-04-17,2020-06-19,CALL,9050.0,1404.7,44.95,0.1724845995893223,10625.78
357,/GDAX149000F0.EX,2020-04-20,2020-06-19,CALL,14900.0,0.2,35.09,0.164271047227926,10675.9
362,/GDAX150000R0.EX,2020-04-20,2020-06-19,PUT ,15000.0,4686.8,43.64,0.164271047227926,10675.9
276,/GDAX128500R0.EX,2020-04-21,2020-06-19,PUT ,12850.0,2536.2,27.83,0.1615331964407939,10249.85
294,/GDAX133000R0.EX,2020-04-21,2020-06-19,PUT ,13300.0,2986.0,30.85,0.1615331964407939,10249.85
291,/GDAX132500F0.EX,2020-04-21,2020-06-19,CALL,13250.0,0.8,28.61,0.1615331964407939,10249.85
85,/GDAX81000F0.EX,2020-04-22,2020-06-19,CALL,8100.0,2275.4,54.33,0.1587953456536618,10415.03
89,/GDAX82000F0.EX,2020-04-22,2020-06-19,CALL,8200.0,2180.8,53.31,0.1587953456536618,10415.03
361,/GDAX150000F0.EX,2020-04-23,2020-06-19,CALL,15000.0,0.2,35.7,0.1560574948665297,10513.79
322,/GDAX140000R0.EX,2020-04-24,2020-06-19,PUT ,14000.0,3686.2,35.87,0.1533196440793976,10336.09
341,/GDAX145000F0.EX,2020-04-24,2020-06-19,CALL,14500.0,0.3,33.68,0.1533196440793976,10336.09
347,/GDAX146500F0.EX,2020-04-24,2020-06-19,CALL,14650.0,0.2,34.64,0.1533196440793976,10336.09
8,/GDAX41000R0.EX,2020-04-27,2020-06-19,PUT ,4100.0,0.8,95.43,0.1451060917180013,10659.99
6,/GDAX40000R0.EX,2020-04-27,2020-06-19,PUT ,4000.0,0.7,97.84,0.1451060917180013,10659.99
12,/GDAX43000R0.EX,2020-04-27,2020-06-19,PUT ,4300.0,1.0,93.82,0.1451060917180013,10659.99
10,/GDAX42000R0.EX,2020-04-27,2020-06-19,PUT ,4200.0,0.9,94.76,0.1451060917180013,10659.99
224,/GDAX115500R0.EX,2020-04-27,2020-06-19,PUT ,11550.0,1259.8,23.57,0.1451060917180013,10659.99
315,/GDAX138500F0.EX,2020-04-27,2020-06-19,CALL,13850.0,0.4,31.18,0.1451060917180013,10659.99
287,/GDAX131500F0.EX,2020-04-28,2020-06-19,CALL,13150.0,0.9,28.04,0.1423682409308692,10795.63
274,/GDAX128000R0.EX,2020-04-29,2020-06-19,PUT ,12800.0,2486.3,27.51,0.1396303901437371,11107.74
208,/GDAX111500R0.EX,2020-04-29,2020-06-19,PUT ,11150.0,918.0,25.78,0.1396303901437371,11107.74
2,/GDAX20000R0.EX,2020-04-30,2020-06-19,PUT ,2000.0,0.1,150.5,0.136892539356605,10861.64
335,/GDAX143500F0.EX,2020-04-30,2020-06-19,CALL,14350.0,0.3,32.71,0.136892539356605,10861.64
232,/GDAX117500R0.EX,2020-04-30,2020-06-19,PUT ,11750.0,1448.3,23.35,0.136892539356605,10861.64
109,/GDAX87000F0.EX,2020-04-30,2020-06-19,CALL,8700.0,1717.3,48.32,0.136892539356605,10861.64
228,/GDAX116500R0.EX,2020-04-30,2020-06-19,PUT ,11650.0,1353.2,23.41,0.136892539356605,10861.64
55,/GDAX72000F0.EX,2020-04-30,2020-06-19,CALL,7200.0,3144.1,63.46,0.136892539356605,10861.64
230,/GDAX117000R0.EX,2020-04-30,2020-06-19,PUT ,11700.0,1400.5,23.35,0.136892539356605,10861.64
288,/GDAX131500R0.EX,2020-04-30,2020-06-19,PUT ,13150.0,2836.0,29.8,0.136892539356605,10861.64
88,/GDAX81500R0.EX,2020-05-04,2020-06-19,PUT ,8150.0,59.4,53.52,0.1259411362080766,10466.8
25,/GDAX52000F0.EX,2020-05-04,2020-06-19,CALL,5200.0,5124.0,90.57,0.1259411362080766,10466.8
40,/GDAX63000R0.EX,2020-05-04,2020-06-19,PUT ,6300.0,10.0,71.09,0.1259411362080766,10466.8
364,/GDAX155000R0.EX,2020-05-04,2020-06-19,PUT ,15500.0,5187.1,47.43,0.1259411362080766,10466.8
220,/GDAX114500R0.EX,2020-05-04,2020-06-19,PUT ,11450.0,1168.7,23.86,0.1259411362080766,10466.8
38,/GDAX62000R0.EX,2020-05-04,2020-06-19,PUT ,6200.0,9.1,72.07,0.1259411362080766,10466.8
101,/GDAX85000F0.EX,2020-05-04,2020-06-19,CALL,8500.0,1900.6,50.29,0.1259411362080766,10466.8
292,/GDAX132500R0.EX,2020-05-05,2020-06-19,PUT ,13250.0,2936.0,30.45,0.1232032854209445,10729.46
24,/GDAX49000R0.EX,2020-05-05,2020-06-19,PUT ,4900.0,2.2,86.42,0.1232032854209445,10729.46
258,/GDAX124000R0.EX,2020-05-05,2020-06-19,PUT ,12400.0,2087.2,25.13,0.1232032854209445,10729.46
240,/GDAX119500R0.EX,2020-05-05,2020-06-19,PUT ,11950.0,1642.1,23.5,0.1232032854209445,10729.46
284,/GDAX130500R0.EX,2020-05-05,2020-06-19,PUT ,13050.0,2736.1,29.13,0.1232032854209445,10729.46
278,/GDAX129000R0.EX,2020-05-05,2020-06-19,PUT ,12900.0,2586.2,28.14,0.1232032854209445,10729.46
296,/GDAX133500R0.EX,2020-05-06,2020-06-19,PUT ,13350.0,3036.0,31.24,0.1204654346338124,10606.2
236,/GDAX118500R0.EX,2020-05-06,2020-06-19,PUT ,11850.0,1544.7,23.36,0.1204654346338124,10606.2
304,/GDAX135500R0.EX,2020-05-06,2020-06-19,PUT ,13550.0,3236.0,32.6,0.1204654346338124,10606.2
120,/GDAX89500R0.EX,2020-05-06,2020-06-19,PUT ,8950.0,124.9,45.79,0.1204654346338124,10606.2
299,/GDAX134500F0.EX,2020-05-06,2020-06-19,CALL,13450.0,0.6,29.35,0.1204654346338124,10606.2
46,/GDAX66000R0.EX,2020-05-06,2020-06-19,PUT ,6600.0,13.6,68.11,0.1204654346338124,10606.2
280,/GDAX129500R0.EX,2020-05-06,2020-06-19,PUT ,12950.0,2636.1,28.43,0.1204654346338124,10606.2
270,/GDAX127000R0.EX,2020-05-06,2020-06-19,PUT ,12700.0,2386.4,26.85,0.1204654346338124,10606.2
204,/GDAX110500R0.EX,2020-05-08,2020-06-19,PUT ,11050.0,843.0,26.53,0.1149897330595482,10904.48
331,/GDAX142500F0.EX,2020-05-08,2020-06-19,CALL,14250.0,0.3,32.82,0.1149897330595482,10904.48
337,/GDAX144000F0.EX,2020-05-11,2020-06-19,CALL,14400.0,0.3,33.03,0.1067761806981519,10824.99
329,/GDAX142000F0.EX,2020-05-11,2020-06-19,CALL,14200.0,0.3,32.49,0.1067761806981519,10824.99
325,/GDAX141000F0.EX,2020-05-11,2020-06-19,CALL,14100.0,0.3,31.81,0.1067761806981519,10824.99
293,/GDAX133000F0.EX,2020-05-11,2020-06-19,CALL,13300.0,0.7,28.76,0.1067761806981519,10824.99
309,/GDAX137000F0.EX,2020-05-11,2020-06-19,CALL,13700.0,0.5,30.52,0.1067761806981519,10824.99
20,/GDAX47000R0.EX,2020-05-11,2020-06-19,PUT ,4700.0,1.7,88.72,0.1067761806981519,10824.99
255,/GDAX123500F0.EX,2020-05-11,2020-06-19,CALL,12350.0,2.9,24.38,0.1067761806981519,10824.99
97,/GDAX84000F0.EX,2020-05-11,2020-06-19,CALL,8400.0,1993.4,51.3,0.1067761806981519,10824.99
271,/GDAX127500F0.EX,2020-05-11,2020-06-19,CALL,12750.0,1.5,26.19,0.1067761806981519,10824.99
275,/GDAX128500F0.EX,2020-05-11,2020-06-19,CALL,12850.0,1.3,26.63,0.1067761806981519,10824.99
279,/GDAX129500F0.EX,2020-05-11,2020-06-19,CALL,12950.0,1.1,27.16,0.1067761806981519,10824.99
283,/GDAX130500F0.EX,2020-05-11,2020-06-19,CALL,13050.0,1.0,27.63,0.1067761806981519,10824.99
277,/GDAX129000F0.EX,2020-05-11,2020-06-19,CALL,12900.0,1.2,26.9,0.1067761806981519,10824.99
289,/GDAX132000F0.EX,2020-05-11,2020-06-19,CALL,13200.0,0.8,28.21,0.1067761806981519,10824.99
307,/GDAX136500F0.EX,2020-05-11,2020-06-19,CALL,13650.0,0.5,30.15,0.1067761806981519,10824.99
48,/GDAX67000R0.EX,2020-05-11,2020-06-19,PUT ,6700.0,15.0,67.11,0.1067761806981519,10824.99
301,/GDAX135000F0.EX,2020-05-11,2020-06-19,CALL,13500.0,0.6,29.4,0.1067761806981519,10824.99
285,/GDAX131000F0.EX,2020-05-11,2020-06-19,CALL,13100.0,0.9,27.84,0.1067761806981519,10824.99
200,/GDAX109500R0.EX,2020-05-12,2020-06-19,PUT ,10950.0,772.3,27.28,0.1040383299110198,10819.5
18,/GDAX46000R0.EX,2020-05-12,2020-06-19,PUT ,4600.0,1.5,90.13,0.1040383299110198,10819.5
263,/GDAX125500F0.EX,2020-05-12,2020-06-19,CALL,12550.0,2.0,25.2,0.1040383299110198,10819.5
354,/GDAX148000R0.EX,2020-05-12,2020-06-19,PUT ,14800.0,4486.6,42.13,0.1040383299110198,10819.5
265,/GDAX126000F0.EX,2020-05-12,2020-06-19,CALL,12600.0,1.9,25.45,0.1040383299110198,10819.5
247,/GDAX121500F0.EX,2020-05-12,2020-06-19,CALL,12150.0,4.6,23.72,0.1040383299110198,10819.5
267,/GDAX126500F0.EX,2020-05-12,2020-06-19,CALL,12650.0,1.7,25.67,0.1040383299110198,10819.5
133,/GDAX93000F0.EX,2020-05-12,2020-06-19,CALL,9300.0,1189.3,42.6,0.1040383299110198,10819.5
159,/GDAX99500F0.EX,2020-05-13,2020-06-19,CALL,9950.0,677.5,36.4,0.1013004791238877,10542.66
144,/GDAX95500R0.EX,2020-05-13,2020-06-19,PUT ,9550.0,215.3,40.16,0.1013004791238877,10542.66
125,/GDAX91000F0.EX,2020-05-13,2020-06-19,CALL,9100.0,1361.0,44.49,0.1013004791238877,10542.66
318,/GDAX139000R0.EX,2020-05-13,2020-06-19,PUT ,13900.0,3586.1,35.16,0.1013004791238877,10542.66
298,/GDAX134000R0.EX,2020-05-13,2020-06-19,PUT ,13400.0,3086.0,31.46,0.1013004791238877,10542.66
297,/GDAX134000F0.EX,2020-05-13,2020-06-19,CALL,13400.0,0.6,29.27,0.1013004791238877,10542.66
246,/GDAX121000R0.EX,2020-05-13,2020-06-19,PUT ,12100.0,1789.6,23.88,0.1013004791238877,10542.66
302,/GDAX135000R0.EX,2020-05-13,2020-06-19,PUT ,13500.0,3186.0,32.22,0.1013004791238877,10542.66
249,/GDAX122000F0.EX,2020-05-14,2020-06-19,CALL,12200.0,4.0,23.83,0.0985626283367556,10337.02
218,/GDAX114000R0.EX,2020-05-14,2020-06-19,PUT ,11400.0,1124.3,24.1,0.0985626283367556,10337.02
253,/GDAX123000F0.EX,2020-05-14,2020-06-19,CALL,12300.0,3.2,24.18,0.0985626283367556,10337.02
155,/GDAX98500F0.EX,2020-05-14,2020-06-19,CALL,9850.0,750.4,37.36,0.0985626283367556,10337.02
96,/GDAX83500R0.EX,2020-05-14,2020-06-19,PUT ,8350.0,71.5,51.57,0.0985626283367556,10337.02
22,/GDAX48000R0.EX,2020-05-14,2020-06-19,PUT ,4800.0,2.0,87.27,0.0985626283367556,10337.02
42,/GDAX64000R0.EX,2020-05-14,2020-06-19,PUT ,6400.0,11.1,70.15,0.0985626283367556,10337.02
153,/GDAX98000F0.EX,2020-05-14,2020-06-19,CALL,9800.0,787.8,37.83,0.0985626283367556,10337.02
259,/GDAX124500F0.EX,2020-05-14,2020-06-19,CALL,12450.0,2.4,24.75,0.0985626283367556,10337.02
26,/GDAX52000R0.EX,2020-05-14,2020-06-19,PUT ,5200.0,3.1,83.06,0.0985626283367556,10337.02
129,/GDAX92000F0.EX,2020-05-14,2020-06-19,CALL,9200.0,1274.5,43.55,0.0985626283367556,10337.02
196,/GDAX108500R0.EX,2020-05-14,2020-06-19,PUT ,10850.0,706.4,28.05,0.0985626283367556,10337.02
84,/GDAX80500R0.EX,2020-05-14,2020-06-19,PUT ,8050.0,54.2,54.5,0.0985626283367556,10337.02
149,/GDAX97000F0.EX,2020-05-14,2020-06-19,CALL,9700.0,864.3,38.77,0.0985626283367556,10337.02
198,/GDAX109000R0.EX,2020-05-14,2020-06-19,PUT ,10900.0,738.7,27.65,0.0985626283367556,10337.02
378,/GDAX190000R0.EX,2020-05-14,2020-06-19,PUT ,19000.0,8689.8,71.82,0.0985626283367556,10337.02
86,/GDAX81000R0.EX,2020-05-14,2020-06-19,PUT ,8100.0,56.8,54.03,0.0985626283367556,10337.02
30,/GDAX56000R0.EX,2020-05-14,2020-06-19,PUT ,5600.0,4.8,78.51,0.0985626283367556,10337.02
268,/GDAX126500R0.EX,2020-05-14,2020-06-19,PUT ,12650.0,2336.5,26.5,0.0985626283367556,10337.02
145,/GDAX96000F0.EX,2020-05-14,2020-06-19,CALL,9600.0,942.9,39.74,0.0985626283367556,10337.02
140,/GDAX94500R0.EX,2020-05-14,2020-06-19,PUT ,9450.0,196.6,41.12,0.0985626283367556,10337.02
206,/GDAX111000R0.EX,2020-05-14,2020-06-19,PUT ,11100.0,880.0,26.15,0.0985626283367556,10337.02
28,/GDAX55000R0.EX,2020-05-14,2020-06-19,PUT ,5500.0,4.3,79.69,0.0985626283367556,10337.02
269,/GDAX127000F0.EX,2020-05-14,2020-06-19,CALL,12700.0,1.6,25.87,0.0985626283367556,10337.02
237,/GDAX119000F0.EX,2020-05-14,2020-06-19,CALL,11900.0,9.1,23.25,0.0985626283367556,10337.02
168,/GDAX101500R0.EX,2020-05-14,2020-06-19,PUT ,10150.0,372.5,34.46,0.0985626283367556,10337.02
227,/GDAX116500F0.EX,2020-05-14,2020-06-19,CALL,11650.0,19.1,23.33,0.0985626283367556,10337.02
234,/GDAX118000R0.EX,2020-05-14,2020-06-19,PUT ,11800.0,1496.3,23.35,0.0985626283367556,10337.02
243,/GDAX120500F0.EX,2020-05-14,2020-06-19,CALL,12050.0,6.0,23.46,0.0985626283367556,10337.02
317,/GDAX139000F0.EX,2020-05-14,2020-06-19,CALL,13900.0,0.4,31.03,0.0985626283367556,10337.02
167,/GDAX101500F0.EX,2020-05-14,2020-06-19,CALL,10150.0,539.7,34.49,0.0985626283367556,10337.02
56,/GDAX72000R0.EX,2020-05-14,2020-06-19,PUT ,7200.0,24.7,62.59,0.0985626283367556,10337.02
60,/GDAX74000R0.EX,2020-05-14,2020-06-19,PUT ,7400.0,29.9,60.82,0.0985626283367556,10337.02
175,/GDAX103500F0.EX,2020-05-14,2020-06-19,CALL,10350.0,414.5,32.57,0.0985626283367556,10337.02
64,/GDAX75500R0.EX,2020-05-14,2020-06-19,PUT ,7550.0,34.4,59.39,0.0985626283367556,10337.02
4,/GDAX36000R0.EX,2020-05-14,2020-06-19,PUT ,3600.0,0.4,102.66,0.0985626283367556,10337.02
235,/GDAX118500F0.EX,2020-05-14,2020-06-19,CALL,11850.0,10.5,23.23,0.0985626283367556,10337.02
68,/GDAX76500R0.EX,2020-05-14,2020-06-19,PUT ,7650.0,37.8,58.44,0.0985626283367556,10337.02
92,/GDAX82500R0.EX,2020-05-15,2020-06-19,PUT ,8250.0,65.1,52.55,0.0958247775496235,10465.17
94,/GDAX83000R0.EX,2020-05-15,2020-06-19,PUT ,8300.0,68.2,52.07,0.0958247775496235,10465.17
107,/GDAX86500F0.EX,2020-05-15,2020-06-19,CALL,8650.0,1762.8,48.81,0.0958247775496235,10465.17
7,/GDAX41000F0.EX,2020-05-15,2020-06-19,CALL,4100.0,6222.5,115.42,0.0958247775496235,10465.17
91,/GDAX82500F0.EX,2020-05-15,2020-06-19,CALL,8250.0,2133.7,52.81,0.0958247775496235,10465.17
90,/GDAX82000R0.EX,2020-05-15,2020-06-19,PUT ,8200.0,62.2,53.05,0.0958247775496235,10465.17
100,/GDAX84500R0.EX,2020-05-15,2020-06-19,PUT ,8450.0,78.5,50.59,0.0958247775496235,10465.17
106,/GDAX86000R0.EX,2020-05-15,2020-06-19,PUT ,8600.0,90.3,49.13,0.0958247775496235,10465.17
21,/GDAX48000F0.EX,2020-05-15,2020-06-19,CALL,4800.0,5523.2,98.39,0.0958247775496235,10465.17
9,/GDAX42000F0.EX,2020-05-15,2020-06-19,CALL,4200.0,6122.6,112.74,0.0958247775496235,10465.17
11,/GDAX43000F0.EX,2020-05-15,2020-06-19,CALL,4300.0,6022.6,110.11,0.0958247775496235,10465.17
104,/GDAX85500R0.EX,2020-05-15,2020-06-19,PUT ,8550.0,86.1,49.62,0.0958247775496235,10465.17
16,/GDAX45000R0.EX,2020-05-15,2020-06-19,PUT ,4500.0,1.3,90.41,0.0958247775496235,10465.17
103,/GDAX85500F0.EX,2020-05-15,2020-06-19,CALL,8550.0,1854.5,49.81,0.0958247775496235,10465.17
17,/GDAX46000F0.EX,2020-05-15,2020-06-19,CALL,4600.0,5722.9,102.89,0.0958247775496235,10465.17
102,/GDAX85000R0.EX,2020-05-15,2020-06-19,PUT ,8500.0,82.2,50.1,0.0958247775496235,10465.17
98,/GDAX84000R0.EX,2020-05-15,2020-06-19,PUT ,8400.0,74.9,51.08,0.0958247775496235,10465.17
23,/GDAX49000F0.EX,2020-05-15,2020-06-19,CALL,4900.0,5423.3,96.34,0.0958247775496235,10465.17
99,/GDAX84500F0.EX,2020-05-15,2020-06-19,CALL,8450.0,1946.9,50.81,0.0958247775496235,10465.17
19,/GDAX47000F0.EX,2020-05-15,2020-06-19,CALL,4700.0,5623.0,100.78,0.0958247775496235,10465.17
31,/GDAX58000F0.EX,2020-05-15,2020-06-19,CALL,5800.0,4526.4,80.47,0.0958247775496235,10465.17
66,/GDAX76000R0.EX,2020-05-15,2020-06-19,PUT ,7600.0,36.1,58.93,0.0958247775496235,10465.17
36,/GDAX61000R0.EX,2020-05-15,2020-06-19,PUT ,6100.0,8.2,73.1,0.0958247775496235,10465.17
35,/GDAX61000F0.EX,2020-05-15,2020-06-19,CALL,6100.0,4228.4,76.23,0.0958247775496235,10465.17
51,/GDAX69000F0.EX,2020-05-15,2020-06-19,CALL,6900.0,3438.0,66.49,0.0958247775496235,10465.17
50,/GDAX68000R0.EX,2020-05-15,2020-06-19,PUT ,6800.0,16.6,66.2,0.0958247775496235,10465.17
53,/GDAX70000F0.EX,2020-05-15,2020-06-19,CALL,7000.0,3339.8,65.46,0.0958247775496235,10465.17
72,/GDAX77500R0.EX,2020-05-15,2020-06-19,PUT ,7750.0,41.4,57.46,0.0958247775496235,10465.17
52,/GDAX69000R0.EX,2020-05-15,2020-06-19,PUT ,6900.0,18.4,65.28,0.0958247775496235,10465.17
54,/GDAX70000R0.EX,2020-05-15,2020-06-19,PUT ,7000.0,20.3,64.4,0.0958247775496235,10465.17
71,/GDAX77500F0.EX,2020-05-15,2020-06-19,CALL,7750.0,2610.3,57.93,0.0958247775496235,10465.17
57,/GDAX73000F0.EX,2020-05-15,2020-06-19,CALL,7300.0,3046.5,62.52,0.0958247775496235,10465.17
70,/GDAX77000R0.EX,2020-05-15,2020-06-19,PUT ,7700.0,39.5,57.96,0.0958247775496235,10465.17
372,/GDAX175000R0.EX,2020-05-15,2020-06-19,PUT ,17500.0,7188.6,61.89,0.0958247775496235,10465.17
108,/GDAX86500R0.EX,2020-05-15,2020-06-19,PUT ,8650.0,94.6,48.65,0.0958247775496235,10465.17
58,/GDAX73000R0.EX,2020-05-15,2020-06-19,PUT ,7300.0,27.2,61.71,0.0958247775496235,10465.17
61,/GDAX75000F0.EX,2020-05-15,2020-06-19,CALL,7500.0,2852.0,60.5,0.0958247775496235,10465.17
63,/GDAX75500F0.EX,2020-05-15,2020-06-19,CALL,7550.0,2803.6,60.0,0.0958247775496235,10465.17
69,/GDAX77000F0.EX,2020-05-15,2020-06-19,CALL,7700.0,2658.5,58.44,0.0958247775496235,10465.17
62,/GDAX75000R0.EX,2020-05-15,2020-06-19,PUT ,7500.0,32.9,59.88,0.0958247775496235,10465.17
370,/GDAX170000R0.EX,2020-05-15,2020-06-19,PUT ,17000.0,6688.2,58.55,0.0958247775496235,10465.17
376,/GDAX185000R0.EX,2020-05-15,2020-06-19,PUT ,18500.0,8189.4,68.53,0.0958247775496235,10465.17
74,/GDAX78000R0.EX,2020-05-15,2020-06-19,PUT ,7800.0,43.3,56.97,0.0958247775496235,10465.17
75,/GDAX78500F0.EX,2020-05-15,2020-06-19,CALL,7850.0,2514.2,56.9,0.0958247775496235,10465.17
76,/GDAX78500R0.EX,2020-05-15,2020-06-19,PUT ,7850.0,45.3,56.46,0.0958247775496235,10465.17
32,/GDAX58000R0.EX,2020-05-15,2020-06-19,PUT ,5800.0,6.0,76.2,0.0958247775496235,10465.17
37,/GDAX62000F0.EX,2020-05-15,2020-06-19,CALL,6200.0,4129.2,74.85,0.0958247775496235,10465.17
87,/GDAX81500F0.EX,2020-05-15,2020-06-19,CALL,8150.0,2228.1,53.82,0.0958247775496235,10465.17
34,/GDAX60000R0.EX,2020-05-15,2020-06-19,PUT ,6000.0,7.4,74.23,0.0958247775496235,10465.17
39,/GDAX63000F0.EX,2020-05-15,2020-06-19,CALL,6300.0,4030.1,73.55,0.0958247775496235,10465.17
67,/GDAX76500F0.EX,2020-05-15,2020-06-19,CALL,7650.0,2706.8,58.97,0.0958247775496235,10465.17
83,/GDAX80500F0.EX,2020-05-15,2020-06-19,CALL,8050.0,2323.0,54.84,0.0958247775496235,10465.17
368,/GDAX165000R0.EX,2020-05-15,2020-06-19,PUT ,16500.0,6187.8,54.88,0.0958247775496235,10465.17
33,/GDAX60000F0.EX,2020-05-15,2020-06-19,CALL,6000.0,4327.7,77.58,0.0958247775496235,10465.17
82,/GDAX80000R0.EX,2020-05-15,2020-06-19,PUT ,8000.0,51.8,55.01,0.0958247775496235,10465.17
81,/GDAX80000F0.EX,2020-05-15,2020-06-19,CALL,8000.0,2370.6,55.36,0.0958247775496235,10465.17
80,/GDAX79500R0.EX,2020-05-15,2020-06-19,PUT ,7950.0,49.6,55.5,0.0958247775496235,10465.17
79,/GDAX79500F0.EX,2020-05-15,2020-06-19,CALL,7950.0,2418.4,55.86,0.0958247775496235,10465.17
45,/GDAX66000F0.EX,2020-05-15,2020-06-19,CALL,6600.0,3733.4,69.89,0.0958247775496235,10465.17
78,/GDAX79000R0.EX,2020-05-15,2020-06-19,PUT ,7900.0,47.4,55.99,0.0958247775496235,10465.17
77,/GDAX79000F0.EX,2020-05-15,2020-06-19,CALL,7900.0,2466.2,56.39,0.0958247775496235,10465.17
44,/GDAX65000R0.EX,2020-05-15,2020-06-19,PUT ,6500.0,12.3,69.12,0.0958247775496235,10465.17
47,/GDAX67000F0.EX,2020-05-15,2020-06-19,CALL,6700.0,3634.8,68.69,0.0958247775496235,10465.17
43,/GDAX65000F0.EX,2020-05-15,2020-06-19,CALL,6500.0,3832.2,71.03,0.0958247775496235,10465.17
233,/GDAX118000F0.EX,2020-05-15,2020-06-19,CALL,11800.0,12.2,23.22,0.0958247775496235,10465.17
328,/GDAX141500R0.EX,2020-05-15,2020-06-19,PUT ,14150.0,3836.2,37.13,0.0958247775496235,10465.17
111,/GDAX87500F0.EX,2020-05-15,2020-06-19,CALL,8750.0,1672.0,47.83,0.0958247775496235,10465.17
205,/GDAX111000F0.EX,2020-05-15,2020-06-19,CALL,11100.0,96.4,26.14,0.0958247775496235,10465.17
266,/GDAX126000R0.EX,2020-05-15,2020-06-19,PUT ,12600.0,2286.6,26.25,0.0958247775496235,10465.17
273,/GDAX128000F0.EX,2020-05-15,2020-06-19,CALL,12800.0,1.4,26.34,0.0958247775496235,10465.17
203,/GDAX110500F0.EX,2020-05-15,2020-06-19,CALL,11050.0,109.4,26.5,0.0958247775496235,10465.17
201,/GDAX110000F0.EX,2020-05-15,2020-06-19,CALL,11000.0,123.6,26.89,0.0958247775496235,10465.17
202,/GDAX110000R0.EX,2020-05-15,2020-06-19,PUT ,11000.0,807.1,26.89,0.0958247775496235,10465.17
199,/GDAX109500F0.EX,2020-05-15,2020-06-19,CALL,10950.0,138.9,27.27,0.0958247775496235,10465.17
281,/GDAX130000F0.EX,2020-05-15,2020-06-19,CALL,13000.0,1.0,27.4,0.0958247775496235,10465.17
197,/GDAX109000F0.EX,2020-05-15,2020-06-19,CALL,10900.0,155.3,27.65,0.0958247775496235,10465.17
195,/GDAX108500F0.EX,2020-05-15,2020-06-19,CALL,10850.0,172.9,28.05,0.0958247775496235,10465.17
194,/GDAX108000R0.EX,2020-05-15,2020-06-19,PUT ,10800.0,675.0,28.44,0.0958247775496235,10465.17
193,/GDAX108000F0.EX,2020-05-15,2020-06-19,CALL,10800.0,191.6,28.44,0.0958247775496235,10465.17
264,/GDAX125500R0.EX,2020-05-15,2020-06-19,PUT ,12550.0,2236.7,25.97,0.0958247775496235,10465.17
282,/GDAX130000R0.EX,2020-05-15,2020-06-19,PUT ,13000.0,2686.1,28.71,0.0958247775496235,10465.17
192,/GDAX107500R0.EX,2020-05-15,2020-06-19,PUT ,10750.0,645.1,28.87,0.0958247775496235,10465.17
190,/GDAX107000R0.EX,2020-05-15,2020-06-19,PUT ,10700.0,616.3,29.29,0.0958247775496235,10465.17
189,/GDAX107000F0.EX,2020-05-15,2020-06-19,CALL,10700.0,233.0,29.29,0.0958247775496235,10465.17
286,/GDAX131000R0.EX,2020-05-15,2020-06-19,PUT ,13100.0,2786.0,29.4,0.0958247775496235,10465.17
188,/GDAX106500R0.EX,2020-05-15,2020-06-19,PUT ,10650.0,588.9,29.73,0.0958247775496235,10465.17
187,/GDAX106500F0.EX,2020-05-15,2020-06-19,CALL,10650.0,255.7,29.74,0.0958247775496235,10465.17
305,/GDAX136000F0.EX,2020-05-15,2020-06-19,CALL,13600.0,0.5,30.16,0.0958247775496235,10465.17
185,/GDAX106000F0.EX,2020-05-15,2020-06-19,CALL,10600.0,279.4,30.19,0.0958247775496235,10465.17
186,/GDAX106000R0.EX,2020-05-15,2020-06-19,PUT ,10600.0,562.6,30.19,0.0958247775496235,10465.17
290,/GDAX132000R0.EX,2020-05-15,2020-06-19,PUT ,13200.0,2886.0,30.21,0.0958247775496235,10465.17
184,/GDAX105500R0.EX,2020-05-15,2020-06-19,PUT ,10550.0,537.6,30.67,0.0958247775496235,10465.17
183,/GDAX105500F0.EX,2020-05-15,2020-06-19,CALL,10550.0,304.4,30.68,0.0958247775496235,10465.17
191,/GDAX107500F0.EX,2020-05-15,2020-06-19,CALL,10750.0,211.8,28.86,0.0958247775496235,10465.17
313,/GDAX138000F0.EX,2020-05-15,2020-06-19,CALL,13800.0,0.4,30.82,0.0958247775496235,10465.17
207,/GDAX111500F0.EX,2020-05-15,2020-06-19,CALL,11150.0,84.4,25.77,0.0958247775496235,10465.17
210,/GDAX112000R0.EX,2020-05-15,2020-06-19,PUT ,11200.0,957.0,25.4,0.0958247775496235,10465.17
231,/GDAX117500F0.EX,2020-05-15,2020-06-19,CALL,11750.0,14.2,23.23,0.0958247775496235,10465.17
229,/GDAX117000F0.EX,2020-05-15,2020-06-19,CALL,11700.0,16.5,23.26,0.0958247775496235,10465.17
239,/GDAX119500F0.EX,2020-05-15,2020-06-19,CALL,11950.0,7.9,23.32,0.0958247775496235,10465.17
241,/GDAX120000F0.EX,2020-05-15,2020-06-19,CALL,12000.0,6.8,23.4,0.0958247775496235,10465.17
225,/GDAX116000F0.EX,2020-05-15,2020-06-19,CALL,11600.0,22.2,23.41,0.0958247775496235,10465.17
238,/GDAX119000R0.EX,2020-05-15,2020-06-19,PUT ,11900.0,1593.3,23.42,0.0958247775496235,10465.17
226,/GDAX116000R0.EX,2020-05-15,2020-06-19,PUT ,11600.0,1306.2,23.46,0.0958247775496235,10465.17
223,/GDAX115500F0.EX,2020-05-15,2020-06-19,CALL,11550.0,25.8,23.51,0.0958247775496235,10465.17
245,/GDAX121000F0.EX,2020-05-15,2020-06-19,CALL,12100.0,5.2,23.56,0.0958247775496235,10465.17
242,/GDAX120000R0.EX,2020-05-15,2020-06-19,PUT ,12000.0,1691.1,23.59,0.0958247775496235,10465.17
221,/GDAX115000F0.EX,2020-05-15,2020-06-19,CALL,11500.0,30.0,23.65,0.0958247775496235,10465.17
222,/GDAX115000R0.EX,2020-05-15,2020-06-19,PUT ,11500.0,1213.9,23.7,0.0958247775496235,10465.17
262,/GDAX125000R0.EX,2020-05-15,2020-06-19,PUT ,12500.0,2186.9,25.68,0.0958247775496235,10465.17
244,/GDAX120500R0.EX,2020-05-15,2020-06-19,PUT ,12050.0,1740.3,23.71,0.0958247775496235,10465.17
251,/GDAX122500F0.EX,2020-05-15,2020-06-19,CALL,12250.0,3.6,24.02,0.0958247775496235,10465.17
217,/GDAX114000F0.EX,2020-05-15,2020-06-19,CALL,11400.0,40.5,24.06,0.0958247775496235,10465.17
215,/GDAX113500F0.EX,2020-05-15,2020-06-19,CALL,11350.0,47.1,24.34,0.0958247775496235,10465.17
216,/GDAX113500R0.EX,2020-05-15,2020-06-19,PUT ,11350.0,1080.9,24.39,0.0958247775496235,10465.17
257,/GDAX124000F0.EX,2020-05-15,2020-06-19,CALL,12400.0,2.6,24.54,0.0958247775496235,10465.17
254,/GDAX123000R0.EX,2020-05-15,2020-06-19,PUT ,12300.0,1987.7,24.64,0.0958247775496235,10465.17
213,/GDAX113000F0.EX,2020-05-15,2020-06-19,CALL,11300.0,54.7,24.67,0.0958247775496235,10465.17
214,/GDAX113000R0.EX,2020-05-15,2020-06-19,PUT ,11300.0,1038.5,24.69,0.0958247775496235,10465.17
261,/GDAX125000F0.EX,2020-05-15,2020-06-19,CALL,12500.0,2.2,24.94,0.0958247775496235,10465.17
211,/GDAX112500F0.EX,2020-05-15,2020-06-19,CALL,11250.0,63.5,25.01,0.0958247775496235,10465.17
212,/GDAX112500R0.EX,2020-05-15,2020-06-19,PUT ,11250.0,997.2,25.03,0.0958247775496235,10465.17
209,/GDAX112000F0.EX,2020-05-15,2020-06-19,CALL,11200.0,73.4,25.39,0.0958247775496235,10465.17
219,/GDAX114500F0.EX,2020-05-15,2020-06-19,CALL,11450.0,34.8,23.83,0.0958247775496235,10465.17
110,/GDAX87000R0.EX,2020-05-15,2020-06-19,PUT ,8700.0,99.1,48.16,0.0958247775496235,10465.17
182,/GDAX105000R0.EX,2020-05-15,2020-06-19,PUT ,10500.0,513.6,31.14,0.0958247775496235,10465.17
180,/GDAX104500R0.EX,2020-05-15,2020-06-19,PUT ,10450.0,490.6,31.61,0.0958247775496235,10465.17
146,/GDAX96000R0.EX,2020-05-15,2020-06-19,PUT ,9600.0,225.3,39.69,0.0958247775496235,10465.17
344,/GDAX145500R0.EX,2020-05-15,2020-06-19,PUT ,14550.0,4236.5,40.05,0.0958247775496235,10465.17
142,/GDAX95000R0.EX,2020-05-15,2020-06-19,PUT ,9500.0,205.7,40.63,0.0958247775496235,10465.17
141,/GDAX95000F0.EX,2020-05-15,2020-06-19,CALL,9500.0,1023.3,40.69,0.0958247775496235,10465.17
139,/GDAX94500F0.EX,2020-05-15,2020-06-19,CALL,9450.0,1064.2,41.18,0.0958247775496235,10465.17
350,/GDAX147000R0.EX,2020-05-15,2020-06-19,PUT ,14700.0,4386.6,41.25,0.0958247775496235,10465.17
138,/GDAX94000R0.EX,2020-05-15,2020-06-19,PUT ,9400.0,187.8,41.58,0.0958247775496235,10465.17
352,/GDAX147500R0.EX,2020-05-15,2020-06-19,PUT ,14750.0,4436.6,41.58,0.0958247775496235,10465.17
137,/GDAX94000F0.EX,2020-05-15,2020-06-19,CALL,9400.0,1105.5,41.65,0.0958247775496235,10465.17
136,/GDAX93500R0.EX,2020-05-15,2020-06-19,PUT ,9350.0,179.5,42.06,0.0958247775496235,10465.17
356,/GDAX148500R0.EX,2020-05-15,2020-06-19,PUT ,14850.0,4536.7,42.45,0.0958247775496235,10465.17
134,/GDAX93000R0.EX,2020-05-15,2020-06-19,PUT ,9300.0,171.5,42.53,0.0958247775496235,10465.17
340,/GDAX144500R0.EX,2020-05-15,2020-06-19,PUT ,14450.0,4136.4,39.38,0.0958247775496235,10465.17
132,/GDAX92500R0.EX,2020-05-15,2020-06-19,PUT ,9250.0,163.9,43.0,0.0958247775496235,10465.17
130,/GDAX92000R0.EX,2020-05-15,2020-06-19,PUT ,9200.0,156.6,43.45,0.0958247775496235,10465.17
128,/GDAX91500R0.EX,2020-05-15,2020-06-19,PUT ,9150.0,149.7,43.92,0.0958247775496235,10465.17
127,/GDAX91500F0.EX,2020-05-15,2020-06-19,CALL,9150.0,1317.6,44.02,0.0958247775496235,10465.17
126,/GDAX91000R0.EX,2020-05-15,2020-06-19,PUT ,9100.0,143.1,44.39,0.0958247775496235,10465.17
124,/GDAX90500R0.EX,2020-05-15,2020-06-19,PUT ,9050.0,136.7,44.85,0.0958247775496235,10465.17
122,/GDAX90000R0.EX,2020-05-15,2020-06-19,PUT ,9000.0,130.7,45.32,0.0958247775496235,10465.17
121,/GDAX90000F0.EX,2020-05-15,2020-06-19,CALL,9000.0,1448.7,45.42,0.0958247775496235,10465.17
118,/GDAX89000R0.EX,2020-05-15,2020-06-19,PUT ,8900.0,119.3,46.25,0.0958247775496235,10465.17
117,/GDAX89000F0.EX,2020-05-15,2020-06-19,CALL,8900.0,1537.4,46.39,0.0958247775496235,10465.17
116,/GDAX88500R0.EX,2020-05-15,2020-06-19,PUT ,8850.0,113.9,46.73,0.0958247775496235,10465.17
114,/GDAX88000R0.EX,2020-05-15,2020-06-19,PUT ,8800.0,108.8,47.21,0.0958247775496235,10465.17
112,/GDAX87500R0.EX,2020-05-15,2020-06-19,PUT ,8750.0,103.8,47.69,0.0958247775496235,10465.17
360,/GDAX149500R0.EX,2020-05-15,2020-06-19,PUT ,14950.0,4636.7,43.32,0.0958247775496235,10465.17
181,/GDAX105000F0.EX,2020-05-15,2020-06-19,CALL,10500.0,330.5,31.16,0.0958247775496235,10465.17
148,/GDAX96500R0.EX,2020-05-15,2020-06-19,PUT ,9650.0,235.7,39.22,0.0958247775496235,10465.17
336,/GDAX143500R0.EX,2020-05-15,2020-06-19,PUT ,14350.0,4036.4,38.49,0.0958247775496235,10465.17
179,/GDAX104500F0.EX,2020-05-15,2020-06-19,CALL,10450.0,357.4,31.62,0.0958247775496235,10465.17
321,/GDAX140000F0.EX,2020-05-15,2020-06-19,CALL,14000.0,0.4,31.73,0.0958247775496235,10465.17
178,/GDAX104000R0.EX,2020-05-15,2020-06-19,PUT ,10400.0,468.6,32.09,0.0958247775496235,10465.17
177,/GDAX104000F0.EX,2020-05-15,2020-06-19,CALL,10400.0,385.5,32.11,0.0958247775496235,10465.17
176,/GDAX103500R0.EX,2020-05-15,2020-06-19,PUT ,10350.0,447.6,32.56,0.0958247775496235,10465.17
174,/GDAX103000R0.EX,2020-05-15,2020-06-19,PUT ,10300.0,427.5,33.04,0.0958247775496235,10465.17
173,/GDAX103000F0.EX,2020-05-15,2020-06-19,CALL,10300.0,444.5,33.06,0.0958247775496235,10465.17
333,/GDAX143000F0.EX,2020-05-15,2020-06-19,CALL,14300.0,0.3,33.16,0.0958247775496235,10465.17
172,/GDAX102500R0.EX,2020-05-15,2020-06-19,PUT ,10250.0,408.3,33.52,0.0958247775496235,10465.17
171,/GDAX102500F0.EX,2020-05-15,2020-06-19,CALL,10250.0,475.4,33.53,0.0958247775496235,10465.17
170,/GDAX102000R0.EX,2020-05-15,2020-06-19,PUT ,10200.0,390.0,33.99,0.0958247775496235,10465.17
169,/GDAX102000F0.EX,2020-05-15,2020-06-19,CALL,10200.0,507.2,34.02,0.0958247775496235,10465.17
150,/GDAX97000R0.EX,2020-05-15,2020-06-19,PUT ,9700.0,246.7,38.74,0.0958247775496235,10465.17
166,/GDAX101000R0.EX,2020-05-15,2020-06-19,PUT ,10100.0,355.9,34.94,0.0958247775496235,10465.17
164,/GDAX100500R0.EX,2020-05-15,2020-06-19,PUT ,10050.0,340.1,35.42,0.0958247775496235,10465.17
162,/GDAX100000R0.EX,2020-05-15,2020-06-19,PUT ,10000.0,324.7,35.89,0.0958247775496235,10465.17
161,/GDAX100000F0.EX,2020-05-15,2020-06-19,CALL,10000.0,642.0,35.92,0.0958247775496235,10465.17
324,/GDAX140500R0.EX,2020-05-15,2020-06-19,PUT ,14050.0,3736.2,36.22,0.0958247775496235,10465.17
160,/GDAX99500R0.EX,2020-05-15,2020-06-19,PUT ,9950.0,310.1,36.37,0.0958247775496235,10465.17
158,/GDAX99000R0.EX,2020-05-15,2020-06-19,PUT ,9900.0,296.3,36.84,0.0958247775496235,10465.17
157,/GDAX99000F0.EX,2020-05-15,2020-06-19,CALL,9900.0,713.7,36.87,0.0958247775496235,10465.17
156,/GDAX98500R0.EX,2020-05-15,2020-06-19,PUT ,9850.0,283.1,37.31,0.0958247775496235,10465.17
330,/GDAX142000R0.EX,2020-05-15,2020-06-19,PUT ,14200.0,3886.3,37.47,0.0958247775496235,10465.17
154,/GDAX98000R0.EX,2020-05-15,2020-06-19,PUT ,9800.0,270.3,37.79,0.0958247775496235,10465.17
152,/GDAX97500R0.EX,2020-05-15,2020-06-19,PUT ,9750.0,258.4,38.26,0.0958247775496235,10465.17
151,/GDAX97500F0.EX,2020-05-15,2020-06-19,CALL,9750.0,825.8,38.3,0.0958247775496235,10465.17
165,/GDAX101000F0.EX,2020-05-15,2020-06-19,CALL,10100.0,573.1,34.97,0.0958247775496235,10465.17
1,/GDAX20000F0.EX,2020-05-15,2020-06-19,CALL,2000.0,8323.3,203.25,0.0958247775496235,10465.17
